{
    "best_mae": 19.756659732571784,
    "best_params": {
        "iterations": 693,
        "learning_rate": 0.017661730825381874,
        "depth": 5,
        "l2_leaf_reg": 8.00070976705026,
        "random_strength": 2.778623087933151
    }
}