fold,mae
1,20.347968335946067
2,21.766712085811907
3,20.312250963953662
4,20.19587664230703
5,20.127516874996235
