feature,importance
gravity,38.913073836916055
fragmentation_index,34.96643280862499
strength,5.833175920263692
porosity,3.331808013674074
effective_energy,3.1687127730025786
angle_rad,2.3822228081452628
atmosphere,2.2277746385541946
coupling,2.1607277762225725
angle_cos,2.07344649951123
shape_factor,1.5634429415570954
energy_log,1.2431704774110068
angle_sin,1.098900703208515
energy,1.0371108029087412
